<?xml version="1.0" encoding="UTF-8"?>
<beans xmlns="http://www.springframework.org/schema/beans"
	xmlns:xsi="http://www.w3.org/2001/XMLSchema-instance" xmlns:aop="http://www.springframework.org/schema/aop"
	xsi:schemaLocation="http://www.springframework.org/schema/beans 
	http://www.springframework.org/schema/beans/spring-beans-4.0.xsd">

	<bean id="student" class="com.cg.jdbccrud.entities.Student" scope="prototype">
		<!-- <constructor-arg name=" " value=""></constructor-arg> -->

	</bean>
	<bean id="service" class="com.cg.jdbccrud.service.StudentServiceImpl"
		scope="singleton">
		<constructor-arg name="dao" ref="dao" />
	</bean>

	<bean id="dao" class="com.cg.jdbccrud.dao.StudentDaoImpl" scope="singleton">
		<property name="jdbcTemplate" ref="jdbcTemplate"></property>
	</bean>
	<bean id="jdbcTemplate" class="org.springframework.jdbc.core.JdbcTemplate">
		<property name="dataSource" ref="dataSource" />
	</bean>
	<bean id="dataSource"
		class="org.springframework.jdbc.datasource.DriverManagerDataSource">
		<property name="driverClassName" value="oracle.jdbc.driver.OracleDriver"></property>
		<property name="url" value="jdbc:oracle:thin:@172.16.10.2:1521:orcl"></property>
		<property name="username" value="seed28"></property>
		<property name="password" value="seed28"></property>


	</bean>

</beans>